User,One,User One,userone,USER@user100,userone@localhost.com,local,user
User,Two,User Two,usertwo,USER@user100,usertwo@localhost.com,local,user
User,Three,User Three,userthree,USER@user100,userthree@localhost.com,local,user
User,Four,User Four,userfour,USER@user100,userfour@localhost.com,local,user
User,Five,User Five,userfive,USER@user100,userfive@localhost.com,local,user
User,Local0,User Local0,user0,USER@user100,user0@localhost.com,local,user
User,Local1,User Local1,user1,USER@user100,user1@localhost.com,local,user
User,Local2,User Local2,user2,USER@user100,user2@localhost.com,local,user
User,Local3,User Local3,user3,USER@user100,user3@localhost.com,local,user
User,Local4,User Local4,user4,USER@user100,user4@localhost.com,local,user
User,Local5,User Local5,user5,USER@user100,user5@localhost.com,local,user
User,Local6,User Local6,user6,USER@user100,user6@localhost.com,local,user
User,Local7,User Local7,user7,USER@user100,user7@localhost.com,local,user
User,Local8,User Local8,user8,USER@user100,user8@localhost.com,local,user
User,Local9,User Local9,user9,USER@user100,user9@localhost.com,local,user
User,Local10,User Local10,user10,USER@user100,user10@localhost.com,local,user
User,Local11,User Local11,user11,USER@user100,user11@localhost.com,local,user
User,Local12,User Local12,user12,USER@user100,user12@localhost.com,local,user
User,Local13,User Local13,user13,USER@user100,user13@localhost.com,local,user
User,Local14,User Local14,user14,USER@user100,user14@localhost.com,local,user
User,Local15,User Local15,user15,USER@user100,user15@localhost.com,local,user
User,Local16,User Local16,user16,USER@user100,user16@localhost.com,local,user
User,Local17,User Local17,user17,USER@user100,user17@localhost.com,local,user
User,Local18,User Local18,user18,USER@user100,user18@localhost.com,local,user
User,Local19,User Local19,user19,USER@user100,user19@localhost.com,local,user
User,Local20,User Local20,user20,USER@user100,user20@localhost.com,local,user
User,Local21,User Local21,user21,USER@user100,user21@localhost.com,local,user
User,Local22,User Local22,user22,USER@user100,user22@localhost.com,local,user
User,Local23,User Local23,user23,USER@user100,user23@localhost.com,local,user
User,Local24,User Local24,user24,USER@user100,user24@localhost.com,local,user
User,Local25,User Local25,user25,USER@user100,user25@localhost.com,local,user
User,Local26,User Local26,user26,USER@user100,user26@localhost.com,local,user
User,Local27,User Local27,user27,USER@user100,user27@localhost.com,local,user
User,Local28,User Local28,user28,USER@user100,user28@localhost.com,local,user
User,Local29,User Local29,user29,USER@user100,user29@localhost.com,local,user
User,Local30,User Local30,user30,USER@user100,user30@localhost.com,local,user
User,Local31,User Local31,user31,USER@user100,user31@localhost.com,local,user
User,Local32,User Local32,user32,USER@user100,user32@localhost.com,local,user
User,Local33,User Local33,user33,USER@user100,user33@localhost.com,local,user
User,Local34,User Local34,user34,USER@user100,user34@localhost.com,local,user
User,Local35,User Local35,user35,USER@user100,user35@localhost.com,local,user
User,Local36,User Local36,user36,USER@user100,user36@localhost.com,local,user
User,Local37,User Local37,user37,USER@user100,user37@localhost.com,local,user
User,Local38,User Local38,user38,USER@user100,user38@localhost.com,local,user
User,Local39,User Local39,user39,USER@user100,user39@localhost.com,local,user
User,Local40,User Local40,user40,USER@user100,user40@localhost.com,local,user
User,Local41,User Local41,user41,USER@user100,user41@localhost.com,local,user
User,Local42,User Local42,user42,USER@user100,user42@localhost.com,local,user
User,Local43,User Local43,user43,USER@user100,user43@localhost.com,local,user
User,Local44,User Local44,user44,USER@user100,user44@localhost.com,local,user
User,Local45,User Local45,user45,USER@user100,user45@localhost.com,local,user
User,Local46,User Local46,user46,USER@user100,user46@localhost.com,local,user
User,Local47,User Local47,user47,USER@user100,user47@localhost.com,local,user
User,Local48,User Local48,user48,USER@user100,user48@localhost.com,local,user
User,Local49,User Local49,user49,USER@user100,user49@localhost.com,local,user
User,Local50,User Local50,user50,USER@user100,user50@localhost.com,local,user
User,Local51,User Local51,user51,USER@user100,user51@localhost.com,local,user
User,Local52,User Local52,user52,USER@user100,user52@localhost.com,local,user
User,Local53,User Local53,user53,USER@user100,user53@localhost.com,local,user
User,Local54,User Local54,user54,USER@user100,user54@localhost.com,local,user
User,Local55,User Local55,user55,USER@user100,user55@localhost.com,local,user
User,Local56,User Local56,user56,USER@user100,user56@localhost.com,local,user
User,Local57,User Local57,user57,USER@user100,user57@localhost.com,local,user
User,Local58,User Local58,user58,USER@user100,user58@localhost.com,local,user
User,Local59,User Local59,user59,USER@user100,user59@localhost.com,local,user
User,Local60,User Local60,user60,USER@user100,user60@localhost.com,local,user
User,Local61,User Local61,user61,USER@user100,user61@localhost.com,local,user
User,Local62,User Local62,user62,USER@user100,user62@localhost.com,local,user
User,Local63,User Local63,user63,USER@user100,user63@localhost.com,local,user
User,Local64,User Local64,user64,USER@user100,user64@localhost.com,local,user
User,Local65,User Local65,user65,USER@user100,user65@localhost.com,local,user
User,Local66,User Local66,user66,USER@user100,user66@localhost.com,local,user
User,Local67,User Local67,user67,USER@user100,user67@localhost.com,local,user
User,Local68,User Local68,user68,USER@user100,user68@localhost.com,local,user
User,Local69,User Local69,user69,USER@user100,user69@localhost.com,local,user
User,Local70,User Local70,user70,USER@user100,user70@localhost.com,local,user
User,Local71,User Local71,user71,USER@user100,user71@localhost.com,local,user
User,Local72,User Local72,user72,USER@user100,user72@localhost.com,local,user
User,Local73,User Local73,user73,USER@user100,user73@localhost.com,local,user
User,Local74,User Local74,user74,USER@user100,user74@localhost.com,local,user
User,Local75,User Local75,user75,USER@user100,user75@localhost.com,local,user
User,Local76,User Local76,user76,USER@user100,user76@localhost.com,local,user
User,Local77,User Local77,user77,USER@user100,user77@localhost.com,local,user
User,Local78,User Local78,user78,USER@user100,user78@localhost.com,local,user
User,Local79,User Local79,user79,USER@user100,user79@localhost.com,local,user
User,Local80,User Local80,user80,USER@user100,user80@localhost.com,local,user
User,Local81,User Local81,user81,USER@user100,user81@localhost.com,local,user
User,Local82,User Local82,user82,USER@user100,user82@localhost.com,local,user
User,Local83,User Local83,user83,USER@user100,user83@localhost.com,local,user
User,Local84,User Local84,user84,USER@user100,user84@localhost.com,local,user
User,Local85,User Local85,user85,USER@user100,user85@localhost.com,local,user
User,Local86,User Local86,user86,USER@user100,user86@localhost.com,local,user
User,Local87,User Local87,user87,USER@user100,user87@localhost.com,local,user
User,Local88,User Local88,user88,USER@user100,user88@localhost.com,local,user
User,Local89,User Local89,user89,USER@user100,user89@localhost.com,local,user
User,Local90,User Local90,user90,USER@user100,user90@localhost.com,local,user
User,Local91,User Local91,user91,USER@user100,user91@localhost.com,local,user
User,Local92,User Local92,user92,USER@user100,user92@localhost.com,local,user
User,Local93,User Local93,user93,USER@user100,user93@localhost.com,local,user
User,Local94,User Local94,user94,USER@user100,user94@localhost.com,local,user
User,Local95,User Local95,user95,USER@user100,user95@localhost.com,local,user
User,Local96,User Local96,user96,USER@user100,user96@localhost.com,local,user
User,Local97,User Local97,user97,USER@user100,user97@localhost.com,local,user
User,Local98,User Local98,user98,USER@user100,user98@localhost.com,local,user
User,Local99,User Local99,user99,USER@user100,user99@localhost.com,local,user
User,Local100,User Local100,user100,USER@user100,user100@localhost.com,local,user
User,Local101,User Local101,user101,USER@user100,user101@localhost.com,local,user
User,Local102,User Local102,user102,USER@user100,user102@localhost.com,local,user
User,Local103,User Local103,user103,USER@user100,user103@localhost.com,local,user
User,Local104,User Local104,user104,USER@user100,user104@localhost.com,local,user
User,Local105,User Local105,user105,USER@user100,user105@localhost.com,local,user
User,Local106,User Local106,user106,USER@user100,user106@localhost.com,local,user
User,Local107,User Local107,user107,USER@user100,user107@localhost.com,local,user
User,Local108,User Local108,user108,USER@user100,user108@localhost.com,local,user
User,Local109,User Local109,user109,USER@user100,user109@localhost.com,local,user
User,Local110,User Local110,user110,USER@user100,user110@localhost.com,local,user
User,Local111,User Local111,user111,USER@user100,user111@localhost.com,local,user
User,Local112,User Local112,user112,USER@user100,user112@localhost.com,local,user
User,Local113,User Local113,user113,USER@user100,user113@localhost.com,local,user
User,Local114,User Local114,user114,USER@user100,user114@localhost.com,local,user
User,Local115,User Local115,user115,USER@user100,user115@localhost.com,local,user
User,Local116,User Local116,user116,USER@user100,user116@localhost.com,local,user
User,Local117,User Local117,user117,USER@user100,user117@localhost.com,local,user
User,Local118,User Local118,user118,USER@user100,user118@localhost.com,local,user
User,Local119,User Local119,user119,USER@user100,user119@localhost.com,local,user
User,Local120,User Local120,user120,USER@user100,user120@localhost.com,local,user
User,Local121,User Local121,user121,USER@user100,user121@localhost.com,local,user
User,Local122,User Local122,user122,USER@user100,user122@localhost.com,local,user
User,Local123,User Local123,user123,USER@user100,user123@localhost.com,local,user
User,Local124,User Local124,user124,USER@user100,user124@localhost.com,local,user
User,Local125,User Local125,user125,USER@user100,user125@localhost.com,local,user
User,Local126,User Local126,user126,USER@user100,user126@localhost.com,local,user
User,Local127,User Local127,user127,USER@user100,user127@localhost.com,local,user
User,Local128,User Local128,user128,USER@user100,user128@localhost.com,local,user
User,Local129,User Local129,user129,USER@user100,user129@localhost.com,local,user
User,Local130,User Local130,user130,USER@user100,user130@localhost.com,local,user
User,Local131,User Local131,user131,USER@user100,user131@localhost.com,local,user
User,Local132,User Local132,user132,USER@user100,user132@localhost.com,local,user
User,Local133,User Local133,user133,USER@user100,user133@localhost.com,local,user
User,Local134,User Local134,user134,USER@user100,user134@localhost.com,local,user
User,Local135,User Local135,user135,USER@user100,user135@localhost.com,local,user
User,Local136,User Local136,user136,USER@user100,user136@localhost.com,local,user
User,Local137,User Local137,user137,USER@user100,user137@localhost.com,local,user
User,Local138,User Local138,user138,USER@user100,user138@localhost.com,local,user
User,Local139,User Local139,user139,USER@user100,user139@localhost.com,local,user
User,Local140,User Local140,user140,USER@user100,user140@localhost.com,local,user
User,Local141,User Local141,user141,USER@user100,user141@localhost.com,local,user
User,Local142,User Local142,user142,USER@user100,user142@localhost.com,local,user
User,Local143,User Local143,user143,USER@user100,user143@localhost.com,local,user
User,Local144,User Local144,user144,USER@user100,user144@localhost.com,local,user
User,Local145,User Local145,user145,USER@user100,user145@localhost.com,local,user
User,Local146,User Local146,user146,USER@user100,user146@localhost.com,local,user
User,Local147,User Local147,user147,USER@user100,user147@localhost.com,local,user
User,Local148,User Local148,user148,USER@user100,user148@localhost.com,local,user
User,Local149,User Local149,user149,USER@user100,user149@localhost.com,local,user
User,Local150,User Local150,user150,USER@user100,user150@localhost.com,local,user
User,Local151,User Local151,user151,USER@user100,user151@localhost.com,local,user
User,Local152,User Local152,user152,USER@user100,user152@localhost.com,local,user
User,Local153,User Local153,user153,USER@user100,user153@localhost.com,local,user
User,Local154,User Local154,user154,USER@user100,user154@localhost.com,local,user
User,Local155,User Local155,user155,USER@user100,user155@localhost.com,local,user
User,Local156,User Local156,user156,USER@user100,user156@localhost.com,local,user
User,Local157,User Local157,user157,USER@user100,user157@localhost.com,local,user
User,Local158,User Local158,user158,USER@user100,user158@localhost.com,local,user
User,Local159,User Local159,user159,USER@user100,user159@localhost.com,local,user
User,Local160,User Local160,user160,USER@user100,user160@localhost.com,local,user
User,Local161,User Local161,user161,USER@user100,user161@localhost.com,local,user
User,Local162,User Local162,user162,USER@user100,user162@localhost.com,local,user
User,Local163,User Local163,user163,USER@user100,user163@localhost.com,local,user
User,Local164,User Local164,user164,USER@user100,user164@localhost.com,local,user
User,Local165,User Local165,user165,USER@user100,user165@localhost.com,local,user
User,Local166,User Local166,user166,USER@user100,user166@localhost.com,local,user
User,Local167,User Local167,user167,USER@user100,user167@localhost.com,local,user
User,Local168,User Local168,user168,USER@user100,user168@localhost.com,local,user
User,Local169,User Local169,user169,USER@user100,user169@localhost.com,local,user
User,Local170,User Local170,user170,USER@user100,user170@localhost.com,local,user
User,Local171,User Local171,user171,USER@user100,user171@localhost.com,local,user
User,Local172,User Local172,user172,USER@user100,user172@localhost.com,local,user
User,Local173,User Local173,user173,USER@user100,user173@localhost.com,local,user
User,Local174,User Local174,user174,USER@user100,user174@localhost.com,local,user
User,Local175,User Local175,user175,USER@user100,user175@localhost.com,local,user
User,Local176,User Local176,user176,USER@user100,user176@localhost.com,local,user
User,Local177,User Local177,user177,USER@user100,user177@localhost.com,local,user
User,Local178,User Local178,user178,USER@user100,user178@localhost.com,local,user
User,Local179,User Local179,user179,USER@user100,user179@localhost.com,local,user
User,Local180,User Local180,user180,USER@user100,user180@localhost.com,local,user
User,Local181,User Local181,user181,USER@user100,user181@localhost.com,local,user
User,Local182,User Local182,user182,USER@user100,user182@localhost.com,local,user
User,Local183,User Local183,user183,USER@user100,user183@localhost.com,local,user
User,Local184,User Local184,user184,USER@user100,user184@localhost.com,local,user
User,Local185,User Local185,user185,USER@user100,user185@localhost.com,local,user
User,Local186,User Local186,user186,USER@user100,user186@localhost.com,local,user
User,Local187,User Local187,user187,USER@user100,user187@localhost.com,local,user
User,Local188,User Local188,user188,USER@user100,user188@localhost.com,local,user
User,Local189,User Local189,user189,USER@user100,user189@localhost.com,local,user
User,Local190,User Local190,user190,USER@user100,user190@localhost.com,local,user
User,Local191,User Local191,user191,USER@user100,user191@localhost.com,local,user
User,Local192,User Local192,user192,USER@user100,user192@localhost.com,local,user
User,Local193,User Local193,user193,USER@user100,user193@localhost.com,local,user
User,Local194,User Local194,user194,USER@user100,user194@localhost.com,local,user
User,Local195,User Local195,user195,USER@user100,user195@localhost.com,local,user
User,Local196,User Local196,user196,USER@user100,user196@localhost.com,local,user
User,Local197,User Local197,user197,USER@user100,user197@localhost.com,local,user
User,Local198,User Local198,user198,USER@user100,user198@localhost.com,local,user
User,Local199,User Local199,user199,USER@user100,user199@localhost.com,local,user
User,Local200,User Local200,user200,USER@user100,user200@localhost.com,local,user
User,Local201,User Local201,user201,USER@user100,user201@localhost.com,local,user
User,Local202,User Local202,user202,USER@user100,user202@localhost.com,local,user
User,Local203,User Local203,user203,USER@user100,user203@localhost.com,local,user
User,Local204,User Local204,user204,USER@user100,user204@localhost.com,local,user
User,Local205,User Local205,user205,USER@user100,user205@localhost.com,local,user
User,Local206,User Local206,user206,USER@user100,user206@localhost.com,local,user
User,Local207,User Local207,user207,USER@user100,user207@localhost.com,local,user
User,Local208,User Local208,user208,USER@user100,user208@localhost.com,local,user
User,Local209,User Local209,user209,USER@user100,user209@localhost.com,local,user
User,Local210,User Local210,user210,USER@user100,user210@localhost.com,local,user
User,Local211,User Local211,user211,USER@user100,user211@localhost.com,local,user
User,Local212,User Local212,user212,USER@user100,user212@localhost.com,local,user
User,Local213,User Local213,user213,USER@user100,user213@localhost.com,local,user
User,Local214,User Local214,user214,USER@user100,user214@localhost.com,local,user
User,Local215,User Local215,user215,USER@user100,user215@localhost.com,local,user
User,Local216,User Local216,user216,USER@user100,user216@localhost.com,local,user
User,Local217,User Local217,user217,USER@user100,user217@localhost.com,local,user
User,Local218,User Local218,user218,USER@user100,user218@localhost.com,local,user
User,Local219,User Local219,user219,USER@user100,user219@localhost.com,local,user
User,Local220,User Local220,user220,USER@user100,user220@localhost.com,local,user
User,Local221,User Local221,user221,USER@user100,user221@localhost.com,local,user
User,Local222,User Local222,user222,USER@user100,user222@localhost.com,local,user
User,Local223,User Local223,user223,USER@user100,user223@localhost.com,local,user
User,Local224,User Local224,user224,USER@user100,user224@localhost.com,local,user
User,Local225,User Local225,user225,USER@user100,user225@localhost.com,local,user
User,Local226,User Local226,user226,USER@user100,user226@localhost.com,local,user
User,Local227,User Local227,user227,USER@user100,user227@localhost.com,local,user
User,Local228,User Local228,user228,USER@user100,user228@localhost.com,local,user
User,Local229,User Local229,user229,USER@user100,user229@localhost.com,local,user
User,Local230,User Local230,user230,USER@user100,user230@localhost.com,local,user
User,Local231,User Local231,user231,USER@user100,user231@localhost.com,local,user
User,Local232,User Local232,user232,USER@user100,user232@localhost.com,local,user
User,Local233,User Local233,user233,USER@user100,user233@localhost.com,local,user
User,Local234,User Local234,user234,USER@user100,user234@localhost.com,local,user
User,Local235,User Local235,user235,USER@user100,user235@localhost.com,local,user
User,Local236,User Local236,user236,USER@user100,user236@localhost.com,local,user
User,Local237,User Local237,user237,USER@user100,user237@localhost.com,local,user
User,Local238,User Local238,user238,USER@user100,user238@localhost.com,local,user
User,Local239,User Local239,user239,USER@user100,user239@localhost.com,local,user
User,Local240,User Local240,user240,USER@user100,user240@localhost.com,local,user
User,Local241,User Local241,user241,USER@user100,user241@localhost.com,local,user
User,Local242,User Local242,user242,USER@user100,user242@localhost.com,local,user
User,Local243,User Local243,user243,USER@user100,user243@localhost.com,local,user
User,Local244,User Local244,user244,USER@user100,user244@localhost.com,local,user
User,Local245,User Local245,user245,USER@user100,user245@localhost.com,local,user
User,Local246,User Local246,user246,USER@user100,user246@localhost.com,local,user
User,Local247,User Local247,user247,USER@user100,user247@localhost.com,local,user
User,Local248,User Local248,user248,USER@user100,user248@localhost.com,local,user
User,Local249,User Local249,user249,USER@user100,user249@localhost.com,local,user
User,Local250,User Local250,user250,USER@user100,user250@localhost.com,local,user
User,Local251,User Local251,user251,USER@user100,user251@localhost.com,local,user
User,Local252,User Local252,user252,USER@user100,user252@localhost.com,local,user
User,Local253,User Local253,user253,USER@user100,user253@localhost.com,local,user
User,Local254,User Local254,user254,USER@user100,user254@localhost.com,local,user
User,Local255,User Local255,user255,USER@user100,user255@localhost.com,local,user
User,Local256,User Local256,user256,USER@user100,user256@localhost.com,local,user
User,Local257,User Local257,user257,USER@user100,user257@localhost.com,local,user
User,Local258,User Local258,user258,USER@user100,user258@localhost.com,local,user
User,Local259,User Local259,user259,USER@user100,user259@localhost.com,local,user
User,Local260,User Local260,user260,USER@user100,user260@localhost.com,local,user
User,Local261,User Local261,user261,USER@user100,user261@localhost.com,local,user
User,Local262,User Local262,user262,USER@user100,user262@localhost.com,local,user
User,Local263,User Local263,user263,USER@user100,user263@localhost.com,local,user
User,Local264,User Local264,user264,USER@user100,user264@localhost.com,local,user
User,Local265,User Local265,user265,USER@user100,user265@localhost.com,local,user
User,Local266,User Local266,user266,USER@user100,user266@localhost.com,local,user
User,Local267,User Local267,user267,USER@user100,user267@localhost.com,local,user
User,Local268,User Local268,user268,USER@user100,user268@localhost.com,local,user
User,Local269,User Local269,user269,USER@user100,user269@localhost.com,local,user
User,Local270,User Local270,user270,USER@user100,user270@localhost.com,local,user
User,Local271,User Local271,user271,USER@user100,user271@localhost.com,local,user
User,Local272,User Local272,user272,USER@user100,user272@localhost.com,local,user
User,Local273,User Local273,user273,USER@user100,user273@localhost.com,local,user
User,Local274,User Local274,user274,USER@user100,user274@localhost.com,local,user
User,Local275,User Local275,user275,USER@user100,user275@localhost.com,local,user
User,Local276,User Local276,user276,USER@user100,user276@localhost.com,local,user
User,Local277,User Local277,user277,USER@user100,user277@localhost.com,local,user
User,Local278,User Local278,user278,USER@user100,user278@localhost.com,local,user
User,Local279,User Local279,user279,USER@user100,user279@localhost.com,local,user
User,Local280,User Local280,user280,USER@user100,user280@localhost.com,local,user
User,Local281,User Local281,user281,USER@user100,user281@localhost.com,local,user
User,Local282,User Local282,user282,USER@user100,user282@localhost.com,local,user
User,Local283,User Local283,user283,USER@user100,user283@localhost.com,local,user
User,Local284,User Local284,user284,USER@user100,user284@localhost.com,local,user
User,Local285,User Local285,user285,USER@user100,user285@localhost.com,local,user
User,Local286,User Local286,user286,USER@user100,user286@localhost.com,local,user
User,Local287,User Local287,user287,USER@user100,user287@localhost.com,local,user
User,Local288,User Local288,user288,USER@user100,user288@localhost.com,local,user
User,Local289,User Local289,user289,USER@user100,user289@localhost.com,local,user
User,Local290,User Local290,user290,USER@user100,user290@localhost.com,local,user
User,Local291,User Local291,user291,USER@user100,user291@localhost.com,local,user
User,Local292,User Local292,user292,USER@user100,user292@localhost.com,local,user
User,Local293,User Local293,user293,USER@user100,user293@localhost.com,local,user
User,Local294,User Local294,user294,USER@user100,user294@localhost.com,local,user
User,Local295,User Local295,user295,USER@user100,user295@localhost.com,local,user
User,Local296,User Local296,user296,USER@user100,user296@localhost.com,local,user
User,Local297,User Local297,user297,USER@user100,user297@localhost.com,local,user
User,Local298,User Local298,user298,USER@user100,user298@localhost.com,local,user
User,Local299,User Local299,user299,USER@user100,user299@localhost.com,local,user
User,Local300,User Local300,user300,USER@user100,user300@localhost.com,local,user
User,Local301,User Local301,user301,USER@user100,user301@localhost.com,local,user
User,Local302,User Local302,user302,USER@user100,user302@localhost.com,local,user
User,Local303,User Local303,user303,USER@user100,user303@localhost.com,local,user
User,Local304,User Local304,user304,USER@user100,user304@localhost.com,local,user
User,Local305,User Local305,user305,USER@user100,user305@localhost.com,local,user
User,Local306,User Local306,user306,USER@user100,user306@localhost.com,local,user
User,Local307,User Local307,user307,USER@user100,user307@localhost.com,local,user
User,Local308,User Local308,user308,USER@user100,user308@localhost.com,local,user
User,Local309,User Local309,user309,USER@user100,user309@localhost.com,local,user
User,Local310,User Local310,user310,USER@user100,user310@localhost.com,local,user
User,Local311,User Local311,user311,USER@user100,user311@localhost.com,local,user
User,Local312,User Local312,user312,USER@user100,user312@localhost.com,local,user
User,Local313,User Local313,user313,USER@user100,user313@localhost.com,local,user
User,Local314,User Local314,user314,USER@user100,user314@localhost.com,local,user
User,Local315,User Local315,user315,USER@user100,user315@localhost.com,local,user
User,Local316,User Local316,user316,USER@user100,user316@localhost.com,local,user
User,Local317,User Local317,user317,USER@user100,user317@localhost.com,local,user
User,Local318,User Local318,user318,USER@user100,user318@localhost.com,local,user
User,Local319,User Local319,user319,USER@user100,user319@localhost.com,local,user
User,Local320,User Local320,user320,USER@user100,user320@localhost.com,local,user
User,Local321,User Local321,user321,USER@user100,user321@localhost.com,local,user
User,Local322,User Local322,user322,USER@user100,user322@localhost.com,local,user
User,Local323,User Local323,user323,USER@user100,user323@localhost.com,local,user
User,Local324,User Local324,user324,USER@user100,user324@localhost.com,local,user
User,Local325,User Local325,user325,USER@user100,user325@localhost.com,local,user
User,Local326,User Local326,user326,USER@user100,user326@localhost.com,local,user
User,Local327,User Local327,user327,USER@user100,user327@localhost.com,local,user
User,Local328,User Local328,user328,USER@user100,user328@localhost.com,local,user
User,Local329,User Local329,user329,USER@user100,user329@localhost.com,local,user
User,Local330,User Local330,user330,USER@user100,user330@localhost.com,local,user
User,Local331,User Local331,user331,USER@user100,user331@localhost.com,local,user
User,Local332,User Local332,user332,USER@user100,user332@localhost.com,local,user
User,Local333,User Local333,user333,USER@user100,user333@localhost.com,local,user
User,Local334,User Local334,user334,USER@user100,user334@localhost.com,local,user
User,Local335,User Local335,user335,USER@user100,user335@localhost.com,local,user
User,Local336,User Local336,user336,USER@user100,user336@localhost.com,local,user
User,Local337,User Local337,user337,USER@user100,user337@localhost.com,local,user
User,Local338,User Local338,user338,USER@user100,user338@localhost.com,local,user
User,Local339,User Local339,user339,USER@user100,user339@localhost.com,local,user
User,Local340,User Local340,user340,USER@user100,user340@localhost.com,local,user
User,Local341,User Local341,user341,USER@user100,user341@localhost.com,local,user
User,Local342,User Local342,user342,USER@user100,user342@localhost.com,local,user
User,Local343,User Local343,user343,USER@user100,user343@localhost.com,local,user
User,Local344,User Local344,user344,USER@user100,user344@localhost.com,local,user
User,Local345,User Local345,user345,USER@user100,user345@localhost.com,local,user
User,Local346,User Local346,user346,USER@user100,user346@localhost.com,local,user
User,Local347,User Local347,user347,USER@user100,user347@localhost.com,local,user
User,Local348,User Local348,user348,USER@user100,user348@localhost.com,local,user
User,Local349,User Local349,user349,USER@user100,user349@localhost.com,local,user
User,Local350,User Local350,user350,USER@user100,user350@localhost.com,local,user
User,Local351,User Local351,user351,USER@user100,user351@localhost.com,local,user
User,Local352,User Local352,user352,USER@user100,user352@localhost.com,local,user
User,Local353,User Local353,user353,USER@user100,user353@localhost.com,local,user
User,Local354,User Local354,user354,USER@user100,user354@localhost.com,local,user
User,Local355,User Local355,user355,USER@user100,user355@localhost.com,local,user
User,Local356,User Local356,user356,USER@user100,user356@localhost.com,local,user
User,Local357,User Local357,user357,USER@user100,user357@localhost.com,local,user
User,Local358,User Local358,user358,USER@user100,user358@localhost.com,local,user
User,Local359,User Local359,user359,USER@user100,user359@localhost.com,local,user
User,Local360,User Local360,user360,USER@user100,user360@localhost.com,local,user
User,Local361,User Local361,user361,USER@user100,user361@localhost.com,local,user
User,Local362,User Local362,user362,USER@user100,user362@localhost.com,local,user
User,Local363,User Local363,user363,USER@user100,user363@localhost.com,local,user
User,Local364,User Local364,user364,USER@user100,user364@localhost.com,local,user
User,Local365,User Local365,user365,USER@user100,user365@localhost.com,local,user
User,Local366,User Local366,user366,USER@user100,user366@localhost.com,local,user
User,Local367,User Local367,user367,USER@user100,user367@localhost.com,local,user
User,Local368,User Local368,user368,USER@user100,user368@localhost.com,local,user
User,Local369,User Local369,user369,USER@user100,user369@localhost.com,local,user
User,Local370,User Local370,user370,USER@user100,user370@localhost.com,local,user
User,Local371,User Local371,user371,USER@user100,user371@localhost.com,local,user
User,Local372,User Local372,user372,USER@user100,user372@localhost.com,local,user
User,Local373,User Local373,user373,USER@user100,user373@localhost.com,local,user
User,Local374,User Local374,user374,USER@user100,user374@localhost.com,local,user
User,Local375,User Local375,user375,USER@user100,user375@localhost.com,local,user
User,Local376,User Local376,user376,USER@user100,user376@localhost.com,local,user
User,Local377,User Local377,user377,USER@user100,user377@localhost.com,local,user
User,Local378,User Local378,user378,USER@user100,user378@localhost.com,local,user
User,Local379,User Local379,user379,USER@user100,user379@localhost.com,local,user
User,Local380,User Local380,user380,USER@user100,user380@localhost.com,local,user
User,Local381,User Local381,user381,USER@user100,user381@localhost.com,local,user
User,Local382,User Local382,user382,USER@user100,user382@localhost.com,local,user
User,Local383,User Local383,user383,USER@user100,user383@localhost.com,local,user
User,Local384,User Local384,user384,USER@user100,user384@localhost.com,local,user
User,Local385,User Local385,user385,USER@user100,user385@localhost.com,local,user
User,Local386,User Local386,user386,USER@user100,user386@localhost.com,local,user
User,Local387,User Local387,user387,USER@user100,user387@localhost.com,local,user
User,Local388,User Local388,user388,USER@user100,user388@localhost.com,local,user
User,Local389,User Local389,user389,USER@user100,user389@localhost.com,local,user
User,Local390,User Local390,user390,USER@user100,user390@localhost.com,local,user
User,Local391,User Local391,user391,USER@user100,user391@localhost.com,local,user
User,Local392,User Local392,user392,USER@user100,user392@localhost.com,local,user
User,Local393,User Local393,user393,USER@user100,user393@localhost.com,local,user
User,Local394,User Local394,user394,USER@user100,user394@localhost.com,local,user
User,Local395,User Local395,user395,USER@user100,user395@localhost.com,local,user
User,Local396,User Local396,user396,USER@user100,user396@localhost.com,local,user
User,Local397,User Local397,user397,USER@user100,user397@localhost.com,local,user
User,Local398,User Local398,user398,USER@user100,user398@localhost.com,local,user
User,Local399,User Local399,user399,USER@user100,user399@localhost.com,local,user
User,Local400,User Local400,user400,USER@user100,user400@localhost.com,local,user
User,Local401,User Local401,user401,USER@user100,user401@localhost.com,local,user
User,Local402,User Local402,user402,USER@user100,user402@localhost.com,local,user
User,Local403,User Local403,user403,USER@user100,user403@localhost.com,local,user
User,Local404,User Local404,user404,USER@user100,user404@localhost.com,local,user
User,Local405,User Local405,user405,USER@user100,user405@localhost.com,local,user
User,Local406,User Local406,user406,USER@user100,user406@localhost.com,local,user
User,Local407,User Local407,user407,USER@user100,user407@localhost.com,local,user
User,Local408,User Local408,user408,USER@user100,user408@localhost.com,local,user
User,Local409,User Local409,user409,USER@user100,user409@localhost.com,local,user
User,Local410,User Local410,user410,USER@user100,user410@localhost.com,local,user
User,Local411,User Local411,user411,USER@user100,user411@localhost.com,local,user
User,Local412,User Local412,user412,USER@user100,user412@localhost.com,local,user
User,Local413,User Local413,user413,USER@user100,user413@localhost.com,local,user
User,Local414,User Local414,user414,USER@user100,user414@localhost.com,local,user
User,Local415,User Local415,user415,USER@user100,user415@localhost.com,local,user
User,Local416,User Local416,user416,USER@user100,user416@localhost.com,local,user
User,Local417,User Local417,user417,USER@user100,user417@localhost.com,local,user
User,Local418,User Local418,user418,USER@user100,user418@localhost.com,local,user
User,Local419,User Local419,user419,USER@user100,user419@localhost.com,local,user
User,Local420,User Local420,user420,USER@user100,user420@localhost.com,local,user
User,Local421,User Local421,user421,USER@user100,user421@localhost.com,local,user
User,Local422,User Local422,user422,USER@user100,user422@localhost.com,local,user
User,Local423,User Local423,user423,USER@user100,user423@localhost.com,local,user
User,Local424,User Local424,user424,USER@user100,user424@localhost.com,local,user
User,Local425,User Local425,user425,USER@user100,user425@localhost.com,local,user
User,Local426,User Local426,user426,USER@user100,user426@localhost.com,local,user
User,Local427,User Local427,user427,USER@user100,user427@localhost.com,local,user
User,Local428,User Local428,user428,USER@user100,user428@localhost.com,local,user
User,Local429,User Local429,user429,USER@user100,user429@localhost.com,local,user
User,Local430,User Local430,user430,USER@user100,user430@localhost.com,local,user
User,Local431,User Local431,user431,USER@user100,user431@localhost.com,local,user
User,Local432,User Local432,user432,USER@user100,user432@localhost.com,local,user
User,Local433,User Local433,user433,USER@user100,user433@localhost.com,local,user
User,Local434,User Local434,user434,USER@user100,user434@localhost.com,local,user
User,Local435,User Local435,user435,USER@user100,user435@localhost.com,local,user
User,Local436,User Local436,user436,USER@user100,user436@localhost.com,local,user
User,Local437,User Local437,user437,USER@user100,user437@localhost.com,local,user
User,Local438,User Local438,user438,USER@user100,user438@localhost.com,local,user
User,Local439,User Local439,user439,USER@user100,user439@localhost.com,local,user
User,Local440,User Local440,user440,USER@user100,user440@localhost.com,local,user
User,Local441,User Local441,user441,USER@user100,user441@localhost.com,local,user
User,Local442,User Local442,user442,USER@user100,user442@localhost.com,local,user
User,Local443,User Local443,user443,USER@user100,user443@localhost.com,local,user
User,Local444,User Local444,user444,USER@user100,user444@localhost.com,local,user
User,Local445,User Local445,user445,USER@user100,user445@localhost.com,local,user
User,Local446,User Local446,user446,USER@user100,user446@localhost.com,local,user
User,Local447,User Local447,user447,USER@user100,user447@localhost.com,local,user
User,Local448,User Local448,user448,USER@user100,user448@localhost.com,local,user
User,Local449,User Local449,user449,USER@user100,user449@localhost.com,local,user
User,Local450,User Local450,user450,USER@user100,user450@localhost.com,local,user
User,Local451,User Local451,user451,USER@user100,user451@localhost.com,local,user
User,Local452,User Local452,user452,USER@user100,user452@localhost.com,local,user
User,Local453,User Local453,user453,USER@user100,user453@localhost.com,local,user
User,Local454,User Local454,user454,USER@user100,user454@localhost.com,local,user
User,Local455,User Local455,user455,USER@user100,user455@localhost.com,local,user
User,Local456,User Local456,user456,USER@user100,user456@localhost.com,local,user
User,Local457,User Local457,user457,USER@user100,user457@localhost.com,local,user
User,Local458,User Local458,user458,USER@user100,user458@localhost.com,local,user
User,Local459,User Local459,user459,USER@user100,user459@localhost.com,local,user
User,Local460,User Local460,user460,USER@user100,user460@localhost.com,local,user
User,Local461,User Local461,user461,USER@user100,user461@localhost.com,local,user
User,Local462,User Local462,user462,USER@user100,user462@localhost.com,local,user
User,Local463,User Local463,user463,USER@user100,user463@localhost.com,local,user
User,Local464,User Local464,user464,USER@user100,user464@localhost.com,local,user
User,Local465,User Local465,user465,USER@user100,user465@localhost.com,local,user
User,Local466,User Local466,user466,USER@user100,user466@localhost.com,local,user
User,Local467,User Local467,user467,USER@user100,user467@localhost.com,local,user
User,Local468,User Local468,user468,USER@user100,user468@localhost.com,local,user
User,Local469,User Local469,user469,USER@user100,user469@localhost.com,local,user
User,Local470,User Local470,user470,USER@user100,user470@localhost.com,local,user
User,Local471,User Local471,user471,USER@user100,user471@localhost.com,local,user
User,Local472,User Local472,user472,USER@user100,user472@localhost.com,local,user
User,Local473,User Local473,user473,USER@user100,user473@localhost.com,local,user
User,Local474,User Local474,user474,USER@user100,user474@localhost.com,local,user
User,Local475,User Local475,user475,USER@user100,user475@localhost.com,local,user
User,Local476,User Local476,user476,USER@user100,user476@localhost.com,local,user
User,Local477,User Local477,user477,USER@user100,user477@localhost.com,local,user
User,Local478,User Local478,user478,USER@user100,user478@localhost.com,local,user
User,Local479,User Local479,user479,USER@user100,user479@localhost.com,local,user
User,Local480,User Local480,user480,USER@user100,user480@localhost.com,local,user
User,Local481,User Local481,user481,USER@user100,user481@localhost.com,local,user
User,Local482,User Local482,user482,USER@user100,user482@localhost.com,local,user
User,Local483,User Local483,user483,USER@user100,user483@localhost.com,local,user
User,Local484,User Local484,user484,USER@user100,user484@localhost.com,local,user
User,Local485,User Local485,user485,USER@user100,user485@localhost.com,local,user
User,Local486,User Local486,user486,USER@user100,user486@localhost.com,local,user
User,Local487,User Local487,user487,USER@user100,user487@localhost.com,local,user
User,Local488,User Local488,user488,USER@user100,user488@localhost.com,local,user
User,Local489,User Local489,user489,USER@user100,user489@localhost.com,local,user
User,Local490,User Local490,user490,USER@user100,user490@localhost.com,local,user
User,Local491,User Local491,user491,USER@user100,user491@localhost.com,local,user
User,Local492,User Local492,user492,USER@user100,user492@localhost.com,local,user
User,Local493,User Local493,user493,USER@user100,user493@localhost.com,local,user
User,Local494,User Local494,user494,USER@user100,user494@localhost.com,local,user
User,Local495,User Local495,user495,USER@user100,user495@localhost.com,local,user
User,Local496,User Local496,user496,USER@user100,user496@localhost.com,local,user
User,Local497,User Local497,user497,USER@user100,user497@localhost.com,local,user
User,Local498,User Local498,user498,USER@user100,user498@localhost.com,local,user
User,Local499,User Local499,user499,USER@user100,user499@localhost.com,local,user
User,Local500,User Local500,user500,USER@user100,user500@localhost.com,local,user
User,Local501,User Local501,user501,USER@user100,user501@localhost.com,local,user
User,Local502,User Local502,user502,USER@user100,user502@localhost.com,local,user
User,Local503,User Local503,user503,USER@user100,user503@localhost.com,local,user
User,Local504,User Local504,user504,USER@user100,user504@localhost.com,local,user
User,Local505,User Local505,user505,USER@user100,user505@localhost.com,local,user
User,Local506,User Local506,user506,USER@user100,user506@localhost.com,local,user
User,Local507,User Local507,user507,USER@user100,user507@localhost.com,local,user
User,Local508,User Local508,user508,USER@user100,user508@localhost.com,local,user
User,Local509,User Local509,user509,USER@user100,user509@localhost.com,local,user
User,Local510,User Local510,user510,USER@user100,user510@localhost.com,local,user
User,Local511,User Local511,user511,USER@user100,user511@localhost.com,local,user
User,Local512,User Local512,user512,USER@user100,user512@localhost.com,local,user
User,Local513,User Local513,user513,USER@user100,user513@localhost.com,local,user
User,Local514,User Local514,user514,USER@user100,user514@localhost.com,local,user
User,Local515,User Local515,user515,USER@user100,user515@localhost.com,local,user
User,Local516,User Local516,user516,USER@user100,user516@localhost.com,local,user
User,Local517,User Local517,user517,USER@user100,user517@localhost.com,local,user
User,Local518,User Local518,user518,USER@user100,user518@localhost.com,local,user
User,Local519,User Local519,user519,USER@user100,user519@localhost.com,local,user
User,Local520,User Local520,user520,USER@user100,user520@localhost.com,local,user
User,Local521,User Local521,user521,USER@user100,user521@localhost.com,local,user
User,Local522,User Local522,user522,USER@user100,user522@localhost.com,local,user
User,Local523,User Local523,user523,USER@user100,user523@localhost.com,local,user
User,Local524,User Local524,user524,USER@user100,user524@localhost.com,local,user
User,Local525,User Local525,user525,USER@user100,user525@localhost.com,local,user
User,Local526,User Local526,user526,USER@user100,user526@localhost.com,local,user
User,Local527,User Local527,user527,USER@user100,user527@localhost.com,local,user
User,Local528,User Local528,user528,USER@user100,user528@localhost.com,local,user
User,Local529,User Local529,user529,USER@user100,user529@localhost.com,local,user
User,Local530,User Local530,user530,USER@user100,user530@localhost.com,local,user
User,Local531,User Local531,user531,USER@user100,user531@localhost.com,local,user
User,Local532,User Local532,user532,USER@user100,user532@localhost.com,local,user
User,Local533,User Local533,user533,USER@user100,user533@localhost.com,local,user
User,Local534,User Local534,user534,USER@user100,user534@localhost.com,local,user
User,Local535,User Local535,user535,USER@user100,user535@localhost.com,local,user
User,Local536,User Local536,user536,USER@user100,user536@localhost.com,local,user
User,Local537,User Local537,user537,USER@user100,user537@localhost.com,local,user
User,Local538,User Local538,user538,USER@user100,user538@localhost.com,local,user
User,Local539,User Local539,user539,USER@user100,user539@localhost.com,local,user
User,Local540,User Local540,user540,USER@user100,user540@localhost.com,local,user
User,Local541,User Local541,user541,USER@user100,user541@localhost.com,local,user
User,Local542,User Local542,user542,USER@user100,user542@localhost.com,local,user
User,Local543,User Local543,user543,USER@user100,user543@localhost.com,local,user
User,Local544,User Local544,user544,USER@user100,user544@localhost.com,local,user
User,Local545,User Local545,user545,USER@user100,user545@localhost.com,local,user
User,Local546,User Local546,user546,USER@user100,user546@localhost.com,local,user
User,Local547,User Local547,user547,USER@user100,user547@localhost.com,local,user
User,Local548,User Local548,user548,USER@user100,user548@localhost.com,local,user
User,Local549,User Local549,user549,USER@user100,user549@localhost.com,local,user
User,Local550,User Local550,user550,USER@user100,user550@localhost.com,local,user
User,Local551,User Local551,user551,USER@user100,user551@localhost.com,local,user
User,Local552,User Local552,user552,USER@user100,user552@localhost.com,local,user
User,Local553,User Local553,user553,USER@user100,user553@localhost.com,local,user
User,Local554,User Local554,user554,USER@user100,user554@localhost.com,local,user
User,Local555,User Local555,user555,USER@user100,user555@localhost.com,local,user
User,Local556,User Local556,user556,USER@user100,user556@localhost.com,local,user
User,Local557,User Local557,user557,USER@user100,user557@localhost.com,local,user
User,Local558,User Local558,user558,USER@user100,user558@localhost.com,local,user
User,Local559,User Local559,user559,USER@user100,user559@localhost.com,local,user
User,Local560,User Local560,user560,USER@user100,user560@localhost.com,local,user
User,Local561,User Local561,user561,USER@user100,user561@localhost.com,local,user
User,Local562,User Local562,user562,USER@user100,user562@localhost.com,local,user
User,Local563,User Local563,user563,USER@user100,user563@localhost.com,local,user
User,Local564,User Local564,user564,USER@user100,user564@localhost.com,local,user
User,Local565,User Local565,user565,USER@user100,user565@localhost.com,local,user
User,Local566,User Local566,user566,USER@user100,user566@localhost.com,local,user
User,Local567,User Local567,user567,USER@user100,user567@localhost.com,local,user
User,Local568,User Local568,user568,USER@user100,user568@localhost.com,local,user
User,Local569,User Local569,user569,USER@user100,user569@localhost.com,local,user
User,Local570,User Local570,user570,USER@user100,user570@localhost.com,local,user
User,Local571,User Local571,user571,USER@user100,user571@localhost.com,local,user
User,Local572,User Local572,user572,USER@user100,user572@localhost.com,local,user
User,Local573,User Local573,user573,USER@user100,user573@localhost.com,local,user
User,Local574,User Local574,user574,USER@user100,user574@localhost.com,local,user
User,Local575,User Local575,user575,USER@user100,user575@localhost.com,local,user
User,Local576,User Local576,user576,USER@user100,user576@localhost.com,local,user
User,Local577,User Local577,user577,USER@user100,user577@localhost.com,local,user
User,Local578,User Local578,user578,USER@user100,user578@localhost.com,local,user
User,Local579,User Local579,user579,USER@user100,user579@localhost.com,local,user
User,Local580,User Local580,user580,USER@user100,user580@localhost.com,local,user
User,Local581,User Local581,user581,USER@user100,user581@localhost.com,local,user
User,Local582,User Local582,user582,USER@user100,user582@localhost.com,local,user
User,Local583,User Local583,user583,USER@user100,user583@localhost.com,local,user
User,Local584,User Local584,user584,USER@user100,user584@localhost.com,local,user
User,Local585,User Local585,user585,USER@user100,user585@localhost.com,local,user
User,Local586,User Local586,user586,USER@user100,user586@localhost.com,local,user
User,Local587,User Local587,user587,USER@user100,user587@localhost.com,local,user
User,Local588,User Local588,user588,USER@user100,user588@localhost.com,local,user
User,Local589,User Local589,user589,USER@user100,user589@localhost.com,local,user
User,Local590,User Local590,user590,USER@user100,user590@localhost.com,local,user
User,Local591,User Local591,user591,USER@user100,user591@localhost.com,local,user
User,Local592,User Local592,user592,USER@user100,user592@localhost.com,local,user
User,Local593,User Local593,user593,USER@user100,user593@localhost.com,local,user
User,Local594,User Local594,user594,USER@user100,user594@localhost.com,local,user
User,Local595,User Local595,user595,USER@user100,user595@localhost.com,local,user
User,Local596,User Local596,user596,USER@user100,user596@localhost.com,local,user
User,Local597,User Local597,user597,USER@user100,user597@localhost.com,local,user
User,Local598,User Local598,user598,USER@user100,user598@localhost.com,local,user
User,Local599,User Local599,user599,USER@user100,user599@localhost.com,local,user
User,Local600,User Local600,user600,USER@user100,user600@localhost.com,local,user
User,Local601,User Local601,user601,USER@user100,user601@localhost.com,local,user
User,Local602,User Local602,user602,USER@user100,user602@localhost.com,local,user
User,Local603,User Local603,user603,USER@user100,user603@localhost.com,local,user
User,Local604,User Local604,user604,USER@user100,user604@localhost.com,local,user
User,Local605,User Local605,user605,USER@user100,user605@localhost.com,local,user
User,Local606,User Local606,user606,USER@user100,user606@localhost.com,local,user
User,Local607,User Local607,user607,USER@user100,user607@localhost.com,local,user
User,Local608,User Local608,user608,USER@user100,user608@localhost.com,local,user
User,Local609,User Local609,user609,USER@user100,user609@localhost.com,local,user
User,Local610,User Local610,user610,USER@user100,user610@localhost.com,local,user
User,Local611,User Local611,user611,USER@user100,user611@localhost.com,local,user
User,Local612,User Local612,user612,USER@user100,user612@localhost.com,local,user
User,Local613,User Local613,user613,USER@user100,user613@localhost.com,local,user
User,Local614,User Local614,user614,USER@user100,user614@localhost.com,local,user
User,Local615,User Local615,user615,USER@user100,user615@localhost.com,local,user
User,Local616,User Local616,user616,USER@user100,user616@localhost.com,local,user
User,Local617,User Local617,user617,USER@user100,user617@localhost.com,local,user
User,Local618,User Local618,user618,USER@user100,user618@localhost.com,local,user
User,Local619,User Local619,user619,USER@user100,user619@localhost.com,local,user
User,Local620,User Local620,user620,USER@user100,user620@localhost.com,local,user
User,Local621,User Local621,user621,USER@user100,user621@localhost.com,local,user
User,Local622,User Local622,user622,USER@user100,user622@localhost.com,local,user
User,Local623,User Local623,user623,USER@user100,user623@localhost.com,local,user
User,Local624,User Local624,user624,USER@user100,user624@localhost.com,local,user
User,Local625,User Local625,user625,USER@user100,user625@localhost.com,local,user
User,Local626,User Local626,user626,USER@user100,user626@localhost.com,local,user
User,Local627,User Local627,user627,USER@user100,user627@localhost.com,local,user
User,Local628,User Local628,user628,USER@user100,user628@localhost.com,local,user
User,Local629,User Local629,user629,USER@user100,user629@localhost.com,local,user
User,Local630,User Local630,user630,USER@user100,user630@localhost.com,local,user
User,Local631,User Local631,user631,USER@user100,user631@localhost.com,local,user
User,Local632,User Local632,user632,USER@user100,user632@localhost.com,local,user
User,Local633,User Local633,user633,USER@user100,user633@localhost.com,local,user
User,Local634,User Local634,user634,USER@user100,user634@localhost.com,local,user
User,Local635,User Local635,user635,USER@user100,user635@localhost.com,local,user
User,Local636,User Local636,user636,USER@user100,user636@localhost.com,local,user
User,Local637,User Local637,user637,USER@user100,user637@localhost.com,local,user
User,Local638,User Local638,user638,USER@user100,user638@localhost.com,local,user
User,Local639,User Local639,user639,USER@user100,user639@localhost.com,local,user
User,Local640,User Local640,user640,USER@user100,user640@localhost.com,local,user
User,Local641,User Local641,user641,USER@user100,user641@localhost.com,local,user
User,Local642,User Local642,user642,USER@user100,user642@localhost.com,local,user
User,Local643,User Local643,user643,USER@user100,user643@localhost.com,local,user
User,Local644,User Local644,user644,USER@user100,user644@localhost.com,local,user
User,Local645,User Local645,user645,USER@user100,user645@localhost.com,local,user
User,Local646,User Local646,user646,USER@user100,user646@localhost.com,local,user
User,Local647,User Local647,user647,USER@user100,user647@localhost.com,local,user
User,Local648,User Local648,user648,USER@user100,user648@localhost.com,local,user
User,Local649,User Local649,user649,USER@user100,user649@localhost.com,local,user
User,Local650,User Local650,user650,USER@user100,user650@localhost.com,local,user
User,Local651,User Local651,user651,USER@user100,user651@localhost.com,local,user
User,Local652,User Local652,user652,USER@user100,user652@localhost.com,local,user
User,Local653,User Local653,user653,USER@user100,user653@localhost.com,local,user
User,Local654,User Local654,user654,USER@user100,user654@localhost.com,local,user
User,Local655,User Local655,user655,USER@user100,user655@localhost.com,local,user
User,Local656,User Local656,user656,USER@user100,user656@localhost.com,local,user
User,Local657,User Local657,user657,USER@user100,user657@localhost.com,local,user
User,Local658,User Local658,user658,USER@user100,user658@localhost.com,local,user
User,Local659,User Local659,user659,USER@user100,user659@localhost.com,local,user
User,Local660,User Local660,user660,USER@user100,user660@localhost.com,local,user
User,Local661,User Local661,user661,USER@user100,user661@localhost.com,local,user
User,Local662,User Local662,user662,USER@user100,user662@localhost.com,local,user
User,Local663,User Local663,user663,USER@user100,user663@localhost.com,local,user
User,Local664,User Local664,user664,USER@user100,user664@localhost.com,local,user
User,Local665,User Local665,user665,USER@user100,user665@localhost.com,local,user
User,Local666,User Local666,user666,USER@user100,user666@localhost.com,local,user
User,Local667,User Local667,user667,USER@user100,user667@localhost.com,local,user
User,Local668,User Local668,user668,USER@user100,user668@localhost.com,local,user
User,Local669,User Local669,user669,USER@user100,user669@localhost.com,local,user
User,Local670,User Local670,user670,USER@user100,user670@localhost.com,local,user
User,Local671,User Local671,user671,USER@user100,user671@localhost.com,local,user
User,Local672,User Local672,user672,USER@user100,user672@localhost.com,local,user
User,Local673,User Local673,user673,USER@user100,user673@localhost.com,local,user
User,Local674,User Local674,user674,USER@user100,user674@localhost.com,local,user
User,Local675,User Local675,user675,USER@user100,user675@localhost.com,local,user
User,Local676,User Local676,user676,USER@user100,user676@localhost.com,local,user
User,Local677,User Local677,user677,USER@user100,user677@localhost.com,local,user
User,Local678,User Local678,user678,USER@user100,user678@localhost.com,local,user
User,Local679,User Local679,user679,USER@user100,user679@localhost.com,local,user
User,Local680,User Local680,user680,USER@user100,user680@localhost.com,local,user
User,Local681,User Local681,user681,USER@user100,user681@localhost.com,local,user
User,Local682,User Local682,user682,USER@user100,user682@localhost.com,local,user
User,Local683,User Local683,user683,USER@user100,user683@localhost.com,local,user
User,Local684,User Local684,user684,USER@user100,user684@localhost.com,local,user
User,Local685,User Local685,user685,USER@user100,user685@localhost.com,local,user
User,Local686,User Local686,user686,USER@user100,user686@localhost.com,local,user
User,Local687,User Local687,user687,USER@user100,user687@localhost.com,local,user
User,Local688,User Local688,user688,USER@user100,user688@localhost.com,local,user
User,Local689,User Local689,user689,USER@user100,user689@localhost.com,local,user
User,Local690,User Local690,user690,USER@user100,user690@localhost.com,local,user
User,Local691,User Local691,user691,USER@user100,user691@localhost.com,local,user
User,Local692,User Local692,user692,USER@user100,user692@localhost.com,local,user
User,Local693,User Local693,user693,USER@user100,user693@localhost.com,local,user
User,Local694,User Local694,user694,USER@user100,user694@localhost.com,local,user
User,Local695,User Local695,user695,USER@user100,user695@localhost.com,local,user
User,Local696,User Local696,user696,USER@user100,user696@localhost.com,local,user
User,Local697,User Local697,user697,USER@user100,user697@localhost.com,local,user
User,Local698,User Local698,user698,USER@user100,user698@localhost.com,local,user
User,Local699,User Local699,user699,USER@user100,user699@localhost.com,local,user
User,Local700,User Local700,user700,USER@user100,user700@localhost.com,local,user
User,Local701,User Local701,user701,USER@user100,user701@localhost.com,local,user
User,Local702,User Local702,user702,USER@user100,user702@localhost.com,local,user
User,Local703,User Local703,user703,USER@user100,user703@localhost.com,local,user
User,Local704,User Local704,user704,USER@user100,user704@localhost.com,local,user
User,Local705,User Local705,user705,USER@user100,user705@localhost.com,local,user
User,Local706,User Local706,user706,USER@user100,user706@localhost.com,local,user
User,Local707,User Local707,user707,USER@user100,user707@localhost.com,local,user
User,Local708,User Local708,user708,USER@user100,user708@localhost.com,local,user
User,Local709,User Local709,user709,USER@user100,user709@localhost.com,local,user
User,Local710,User Local710,user710,USER@user100,user710@localhost.com,local,user
User,Local711,User Local711,user711,USER@user100,user711@localhost.com,local,user
User,Local712,User Local712,user712,USER@user100,user712@localhost.com,local,user
User,Local713,User Local713,user713,USER@user100,user713@localhost.com,local,user
User,Local714,User Local714,user714,USER@user100,user714@localhost.com,local,user
User,Local715,User Local715,user715,USER@user100,user715@localhost.com,local,user
User,Local716,User Local716,user716,USER@user100,user716@localhost.com,local,user
User,Local717,User Local717,user717,USER@user100,user717@localhost.com,local,user
User,Local718,User Local718,user718,USER@user100,user718@localhost.com,local,user
User,Local719,User Local719,user719,USER@user100,user719@localhost.com,local,user
User,Local720,User Local720,user720,USER@user100,user720@localhost.com,local,user
User,Local721,User Local721,user721,USER@user100,user721@localhost.com,local,user
User,Local722,User Local722,user722,USER@user100,user722@localhost.com,local,user
User,Local723,User Local723,user723,USER@user100,user723@localhost.com,local,user
User,Local724,User Local724,user724,USER@user100,user724@localhost.com,local,user
User,Local725,User Local725,user725,USER@user100,user725@localhost.com,local,user
User,Local726,User Local726,user726,USER@user100,user726@localhost.com,local,user
User,Local727,User Local727,user727,USER@user100,user727@localhost.com,local,user
User,Local728,User Local728,user728,USER@user100,user728@localhost.com,local,user
User,Local729,User Local729,user729,USER@user100,user729@localhost.com,local,user
User,Local730,User Local730,user730,USER@user100,user730@localhost.com,local,user
User,Local731,User Local731,user731,USER@user100,user731@localhost.com,local,user
User,Local732,User Local732,user732,USER@user100,user732@localhost.com,local,user
User,Local733,User Local733,user733,USER@user100,user733@localhost.com,local,user
User,Local734,User Local734,user734,USER@user100,user734@localhost.com,local,user
User,Local735,User Local735,user735,USER@user100,user735@localhost.com,local,user
User,Local736,User Local736,user736,USER@user100,user736@localhost.com,local,user
User,Local737,User Local737,user737,USER@user100,user737@localhost.com,local,user
User,Local738,User Local738,user738,USER@user100,user738@localhost.com,local,user
User,Local739,User Local739,user739,USER@user100,user739@localhost.com,local,user
User,Local740,User Local740,user740,USER@user100,user740@localhost.com,local,user
User,Local741,User Local741,user741,USER@user100,user741@localhost.com,local,user
User,Local742,User Local742,user742,USER@user100,user742@localhost.com,local,user
User,Local743,User Local743,user743,USER@user100,user743@localhost.com,local,user
User,Local744,User Local744,user744,USER@user100,user744@localhost.com,local,user
User,Local745,User Local745,user745,USER@user100,user745@localhost.com,local,user
User,Local746,User Local746,user746,USER@user100,user746@localhost.com,local,user
User,Local747,User Local747,user747,USER@user100,user747@localhost.com,local,user
User,Local748,User Local748,user748,USER@user100,user748@localhost.com,local,user
User,Local749,User Local749,user749,USER@user100,user749@localhost.com,local,user
User,Local750,User Local750,user750,USER@user100,user750@localhost.com,local,user
User,Local751,User Local751,user751,USER@user100,user751@localhost.com,local,user
User,Local752,User Local752,user752,USER@user100,user752@localhost.com,local,user
User,Local753,User Local753,user753,USER@user100,user753@localhost.com,local,user
User,Local754,User Local754,user754,USER@user100,user754@localhost.com,local,user
User,Local755,User Local755,user755,USER@user100,user755@localhost.com,local,user
User,Local756,User Local756,user756,USER@user100,user756@localhost.com,local,user
User,Local757,User Local757,user757,USER@user100,user757@localhost.com,local,user
User,Local758,User Local758,user758,USER@user100,user758@localhost.com,local,user
User,Local759,User Local759,user759,USER@user100,user759@localhost.com,local,user
User,Local760,User Local760,user760,USER@user100,user760@localhost.com,local,user
User,Local761,User Local761,user761,USER@user100,user761@localhost.com,local,user
User,Local762,User Local762,user762,USER@user100,user762@localhost.com,local,user
User,Local763,User Local763,user763,USER@user100,user763@localhost.com,local,user
User,Local764,User Local764,user764,USER@user100,user764@localhost.com,local,user
User,Local765,User Local765,user765,USER@user100,user765@localhost.com,local,user
User,Local766,User Local766,user766,USER@user100,user766@localhost.com,local,user
User,Local767,User Local767,user767,USER@user100,user767@localhost.com,local,user
User,Local768,User Local768,user768,USER@user100,user768@localhost.com,local,user
User,Local769,User Local769,user769,USER@user100,user769@localhost.com,local,user
User,Local770,User Local770,user770,USER@user100,user770@localhost.com,local,user
User,Local771,User Local771,user771,USER@user100,user771@localhost.com,local,user
User,Local772,User Local772,user772,USER@user100,user772@localhost.com,local,user
User,Local773,User Local773,user773,USER@user100,user773@localhost.com,local,user
User,Local774,User Local774,user774,USER@user100,user774@localhost.com,local,user
User,Local775,User Local775,user775,USER@user100,user775@localhost.com,local,user
User,Local776,User Local776,user776,USER@user100,user776@localhost.com,local,user
User,Local777,User Local777,user777,USER@user100,user777@localhost.com,local,user
User,Local778,User Local778,user778,USER@user100,user778@localhost.com,local,user
User,Local779,User Local779,user779,USER@user100,user779@localhost.com,local,user
User,Local780,User Local780,user780,USER@user100,user780@localhost.com,local,user
User,Local781,User Local781,user781,USER@user100,user781@localhost.com,local,user
User,Local782,User Local782,user782,USER@user100,user782@localhost.com,local,user
User,Local783,User Local783,user783,USER@user100,user783@localhost.com,local,user
User,Local784,User Local784,user784,USER@user100,user784@localhost.com,local,user
User,Local785,User Local785,user785,USER@user100,user785@localhost.com,local,user
User,Local786,User Local786,user786,USER@user100,user786@localhost.com,local,user
User,Local787,User Local787,user787,USER@user100,user787@localhost.com,local,user
User,Local788,User Local788,user788,USER@user100,user788@localhost.com,local,user
User,Local789,User Local789,user789,USER@user100,user789@localhost.com,local,user
User,Local790,User Local790,user790,USER@user100,user790@localhost.com,local,user
User,Local791,User Local791,user791,USER@user100,user791@localhost.com,local,user
User,Local792,User Local792,user792,USER@user100,user792@localhost.com,local,user
User,Local793,User Local793,user793,USER@user100,user793@localhost.com,local,user
User,Local794,User Local794,user794,USER@user100,user794@localhost.com,local,user
User,Local795,User Local795,user795,USER@user100,user795@localhost.com,local,user
User,Local796,User Local796,user796,USER@user100,user796@localhost.com,local,user
User,Local797,User Local797,user797,USER@user100,user797@localhost.com,local,user
User,Local798,User Local798,user798,USER@user100,user798@localhost.com,local,user
User,Local799,User Local799,user799,USER@user100,user799@localhost.com,local,user
User,Local800,User Local800,user800,USER@user100,user800@localhost.com,local,user
User,Local801,User Local801,user801,USER@user100,user801@localhost.com,local,user
User,Local802,User Local802,user802,USER@user100,user802@localhost.com,local,user
User,Local803,User Local803,user803,USER@user100,user803@localhost.com,local,user
User,Local804,User Local804,user804,USER@user100,user804@localhost.com,local,user
User,Local805,User Local805,user805,USER@user100,user805@localhost.com,local,user
User,Local806,User Local806,user806,USER@user100,user806@localhost.com,local,user
User,Local807,User Local807,user807,USER@user100,user807@localhost.com,local,user
User,Local808,User Local808,user808,USER@user100,user808@localhost.com,local,user
User,Local809,User Local809,user809,USER@user100,user809@localhost.com,local,user
User,Local810,User Local810,user810,USER@user100,user810@localhost.com,local,user
User,Local811,User Local811,user811,USER@user100,user811@localhost.com,local,user
User,Local812,User Local812,user812,USER@user100,user812@localhost.com,local,user
User,Local813,User Local813,user813,USER@user100,user813@localhost.com,local,user
User,Local814,User Local814,user814,USER@user100,user814@localhost.com,local,user
User,Local815,User Local815,user815,USER@user100,user815@localhost.com,local,user
User,Local816,User Local816,user816,USER@user100,user816@localhost.com,local,user
User,Local817,User Local817,user817,USER@user100,user817@localhost.com,local,user
User,Local818,User Local818,user818,USER@user100,user818@localhost.com,local,user
User,Local819,User Local819,user819,USER@user100,user819@localhost.com,local,user
User,Local820,User Local820,user820,USER@user100,user820@localhost.com,local,user
User,Local821,User Local821,user821,USER@user100,user821@localhost.com,local,user
User,Local822,User Local822,user822,USER@user100,user822@localhost.com,local,user
User,Local823,User Local823,user823,USER@user100,user823@localhost.com,local,user
User,Local824,User Local824,user824,USER@user100,user824@localhost.com,local,user
User,Local825,User Local825,user825,USER@user100,user825@localhost.com,local,user
User,Local826,User Local826,user826,USER@user100,user826@localhost.com,local,user
User,Local827,User Local827,user827,USER@user100,user827@localhost.com,local,user
User,Local828,User Local828,user828,USER@user100,user828@localhost.com,local,user
User,Local829,User Local829,user829,USER@user100,user829@localhost.com,local,user
User,Local830,User Local830,user830,USER@user100,user830@localhost.com,local,user
User,Local831,User Local831,user831,USER@user100,user831@localhost.com,local,user
User,Local832,User Local832,user832,USER@user100,user832@localhost.com,local,user
User,Local833,User Local833,user833,USER@user100,user833@localhost.com,local,user
User,Local834,User Local834,user834,USER@user100,user834@localhost.com,local,user
User,Local835,User Local835,user835,USER@user100,user835@localhost.com,local,user
User,Local836,User Local836,user836,USER@user100,user836@localhost.com,local,user
User,Local837,User Local837,user837,USER@user100,user837@localhost.com,local,user
User,Local838,User Local838,user838,USER@user100,user838@localhost.com,local,user
User,Local839,User Local839,user839,USER@user100,user839@localhost.com,local,user
User,Local840,User Local840,user840,USER@user100,user840@localhost.com,local,user
User,Local841,User Local841,user841,USER@user100,user841@localhost.com,local,user
User,Local842,User Local842,user842,USER@user100,user842@localhost.com,local,user
User,Local843,User Local843,user843,USER@user100,user843@localhost.com,local,user
User,Local844,User Local844,user844,USER@user100,user844@localhost.com,local,user
User,Local845,User Local845,user845,USER@user100,user845@localhost.com,local,user
User,Local846,User Local846,user846,USER@user100,user846@localhost.com,local,user
User,Local847,User Local847,user847,USER@user100,user847@localhost.com,local,user
User,Local848,User Local848,user848,USER@user100,user848@localhost.com,local,user
User,Local849,User Local849,user849,USER@user100,user849@localhost.com,local,user
User,Local850,User Local850,user850,USER@user100,user850@localhost.com,local,user
User,Local851,User Local851,user851,USER@user100,user851@localhost.com,local,user
User,Local852,User Local852,user852,USER@user100,user852@localhost.com,local,user
User,Local853,User Local853,user853,USER@user100,user853@localhost.com,local,user
User,Local854,User Local854,user854,USER@user100,user854@localhost.com,local,user
User,Local855,User Local855,user855,USER@user100,user855@localhost.com,local,user
User,Local856,User Local856,user856,USER@user100,user856@localhost.com,local,user
User,Local857,User Local857,user857,USER@user100,user857@localhost.com,local,user
User,Local858,User Local858,user858,USER@user100,user858@localhost.com,local,user
User,Local859,User Local859,user859,USER@user100,user859@localhost.com,local,user
User,Local860,User Local860,user860,USER@user100,user860@localhost.com,local,user
User,Local861,User Local861,user861,USER@user100,user861@localhost.com,local,user
User,Local862,User Local862,user862,USER@user100,user862@localhost.com,local,user
User,Local863,User Local863,user863,USER@user100,user863@localhost.com,local,user
User,Local864,User Local864,user864,USER@user100,user864@localhost.com,local,user
User,Local865,User Local865,user865,USER@user100,user865@localhost.com,local,user
User,Local866,User Local866,user866,USER@user100,user866@localhost.com,local,user
User,Local867,User Local867,user867,USER@user100,user867@localhost.com,local,user
User,Local868,User Local868,user868,USER@user100,user868@localhost.com,local,user
User,Local869,User Local869,user869,USER@user100,user869@localhost.com,local,user
User,Local870,User Local870,user870,USER@user100,user870@localhost.com,local,user
User,Local871,User Local871,user871,USER@user100,user871@localhost.com,local,user
User,Local872,User Local872,user872,USER@user100,user872@localhost.com,local,user
User,Local873,User Local873,user873,USER@user100,user873@localhost.com,local,user
User,Local874,User Local874,user874,USER@user100,user874@localhost.com,local,user
User,Local875,User Local875,user875,USER@user100,user875@localhost.com,local,user
User,Local876,User Local876,user876,USER@user100,user876@localhost.com,local,user
User,Local877,User Local877,user877,USER@user100,user877@localhost.com,local,user
User,Local878,User Local878,user878,USER@user100,user878@localhost.com,local,user
User,Local879,User Local879,user879,USER@user100,user879@localhost.com,local,user
User,Local880,User Local880,user880,USER@user100,user880@localhost.com,local,user
User,Local881,User Local881,user881,USER@user100,user881@localhost.com,local,user
User,Local882,User Local882,user882,USER@user100,user882@localhost.com,local,user
User,Local883,User Local883,user883,USER@user100,user883@localhost.com,local,user
User,Local884,User Local884,user884,USER@user100,user884@localhost.com,local,user
User,Local885,User Local885,user885,USER@user100,user885@localhost.com,local,user
User,Local886,User Local886,user886,USER@user100,user886@localhost.com,local,user
User,Local887,User Local887,user887,USER@user100,user887@localhost.com,local,user
User,Local888,User Local888,user888,USER@user100,user888@localhost.com,local,user
User,Local889,User Local889,user889,USER@user100,user889@localhost.com,local,user
User,Local890,User Local890,user890,USER@user100,user890@localhost.com,local,user
User,Local891,User Local891,user891,USER@user100,user891@localhost.com,local,user
User,Local892,User Local892,user892,USER@user100,user892@localhost.com,local,user
User,Local893,User Local893,user893,USER@user100,user893@localhost.com,local,user
User,Local894,User Local894,user894,USER@user100,user894@localhost.com,local,user
User,Local895,User Local895,user895,USER@user100,user895@localhost.com,local,user
User,Local896,User Local896,user896,USER@user100,user896@localhost.com,local,user
User,Local897,User Local897,user897,USER@user100,user897@localhost.com,local,user
User,Local898,User Local898,user898,USER@user100,user898@localhost.com,local,user
User,Local899,User Local899,user899,USER@user100,user899@localhost.com,local,user
User,Local900,User Local900,user900,USER@user100,user900@localhost.com,local,user
User,Local901,User Local901,user901,USER@user100,user901@localhost.com,local,user
User,Local902,User Local902,user902,USER@user100,user902@localhost.com,local,user
User,Local903,User Local903,user903,USER@user100,user903@localhost.com,local,user
User,Local904,User Local904,user904,USER@user100,user904@localhost.com,local,user
User,Local905,User Local905,user905,USER@user100,user905@localhost.com,local,user
User,Local906,User Local906,user906,USER@user100,user906@localhost.com,local,user
User,Local907,User Local907,user907,USER@user100,user907@localhost.com,local,user
User,Local908,User Local908,user908,USER@user100,user908@localhost.com,local,user
User,Local909,User Local909,user909,USER@user100,user909@localhost.com,local,user
User,Local910,User Local910,user910,USER@user100,user910@localhost.com,local,user
User,Local911,User Local911,user911,USER@user100,user911@localhost.com,local,user
User,Local912,User Local912,user912,USER@user100,user912@localhost.com,local,user
User,Local913,User Local913,user913,USER@user100,user913@localhost.com,local,user
User,Local914,User Local914,user914,USER@user100,user914@localhost.com,local,user
User,Local915,User Local915,user915,USER@user100,user915@localhost.com,local,user
User,Local916,User Local916,user916,USER@user100,user916@localhost.com,local,user
User,Local917,User Local917,user917,USER@user100,user917@localhost.com,local,user
User,Local918,User Local918,user918,USER@user100,user918@localhost.com,local,user
User,Local919,User Local919,user919,USER@user100,user919@localhost.com,local,user
User,Local920,User Local920,user920,USER@user100,user920@localhost.com,local,user
User,Local921,User Local921,user921,USER@user100,user921@localhost.com,local,user
User,Local922,User Local922,user922,USER@user100,user922@localhost.com,local,user
User,Local923,User Local923,user923,USER@user100,user923@localhost.com,local,user
User,Local924,User Local924,user924,USER@user100,user924@localhost.com,local,user
User,Local925,User Local925,user925,USER@user100,user925@localhost.com,local,user
User,Local926,User Local926,user926,USER@user100,user926@localhost.com,local,user
User,Local927,User Local927,user927,USER@user100,user927@localhost.com,local,user
User,Local928,User Local928,user928,USER@user100,user928@localhost.com,local,user
User,Local929,User Local929,user929,USER@user100,user929@localhost.com,local,user
User,Local930,User Local930,user930,USER@user100,user930@localhost.com,local,user
User,Local931,User Local931,user931,USER@user100,user931@localhost.com,local,user
User,Local932,User Local932,user932,USER@user100,user932@localhost.com,local,user
User,Local933,User Local933,user933,USER@user100,user933@localhost.com,local,user
User,Local934,User Local934,user934,USER@user100,user934@localhost.com,local,user
User,Local935,User Local935,user935,USER@user100,user935@localhost.com,local,user
User,Local936,User Local936,user936,USER@user100,user936@localhost.com,local,user
User,Local937,User Local937,user937,USER@user100,user937@localhost.com,local,user
User,Local938,User Local938,user938,USER@user100,user938@localhost.com,local,user
User,Local939,User Local939,user939,USER@user100,user939@localhost.com,local,user
User,Local940,User Local940,user940,USER@user100,user940@localhost.com,local,user
User,Local941,User Local941,user941,USER@user100,user941@localhost.com,local,user
User,Local942,User Local942,user942,USER@user100,user942@localhost.com,local,user
User,Local943,User Local943,user943,USER@user100,user943@localhost.com,local,user
User,Local944,User Local944,user944,USER@user100,user944@localhost.com,local,user
User,Local945,User Local945,user945,USER@user100,user945@localhost.com,local,user
User,Local946,User Local946,user946,USER@user100,user946@localhost.com,local,user
User,Local947,User Local947,user947,USER@user100,user947@localhost.com,local,user
User,Local948,User Local948,user948,USER@user100,user948@localhost.com,local,user
User,Local949,User Local949,user949,USER@user100,user949@localhost.com,local,user
User,Local950,User Local950,user950,USER@user100,user950@localhost.com,local,user
User,Local951,User Local951,user951,USER@user100,user951@localhost.com,local,user
User,Local952,User Local952,user952,USER@user100,user952@localhost.com,local,user
User,Local953,User Local953,user953,USER@user100,user953@localhost.com,local,user
User,Local954,User Local954,user954,USER@user100,user954@localhost.com,local,user
User,Local955,User Local955,user955,USER@user100,user955@localhost.com,local,user
User,Local956,User Local956,user956,USER@user100,user956@localhost.com,local,user
User,Local957,User Local957,user957,USER@user100,user957@localhost.com,local,user
User,Local958,User Local958,user958,USER@user100,user958@localhost.com,local,user
User,Local959,User Local959,user959,USER@user100,user959@localhost.com,local,user
User,Local960,User Local960,user960,USER@user100,user960@localhost.com,local,user
User,Local961,User Local961,user961,USER@user100,user961@localhost.com,local,user
User,Local962,User Local962,user962,USER@user100,user962@localhost.com,local,user
User,Local963,User Local963,user963,USER@user100,user963@localhost.com,local,user
User,Local964,User Local964,user964,USER@user100,user964@localhost.com,local,user
User,Local965,User Local965,user965,USER@user100,user965@localhost.com,local,user
User,Local966,User Local966,user966,USER@user100,user966@localhost.com,local,user
User,Local967,User Local967,user967,USER@user100,user967@localhost.com,local,user
User,Local968,User Local968,user968,USER@user100,user968@localhost.com,local,user
User,Local969,User Local969,user969,USER@user100,user969@localhost.com,local,user
User,Local970,User Local970,user970,USER@user100,user970@localhost.com,local,user
User,Local971,User Local971,user971,USER@user100,user971@localhost.com,local,user
User,Local972,User Local972,user972,USER@user100,user972@localhost.com,local,user
User,Local973,User Local973,user973,USER@user100,user973@localhost.com,local,user
User,Local974,User Local974,user974,USER@user100,user974@localhost.com,local,user
User,Local975,User Local975,user975,USER@user100,user975@localhost.com,local,user
User,Local976,User Local976,user976,USER@user100,user976@localhost.com,local,user
User,Local977,User Local977,user977,USER@user100,user977@localhost.com,local,user
User,Local978,User Local978,user978,USER@user100,user978@localhost.com,local,user
User,Local979,User Local979,user979,USER@user100,user979@localhost.com,local,user
User,Local980,User Local980,user980,USER@user100,user980@localhost.com,local,user
User,Local981,User Local981,user981,USER@user100,user981@localhost.com,local,user
User,Local982,User Local982,user982,USER@user100,user982@localhost.com,local,user
User,Local983,User Local983,user983,USER@user100,user983@localhost.com,local,user
User,Local984,User Local984,user984,USER@user100,user984@localhost.com,local,user
User,Local985,User Local985,user985,USER@user100,user985@localhost.com,local,user
User,Local986,User Local986,user986,USER@user100,user986@localhost.com,local,user
User,Local987,User Local987,user987,USER@user100,user987@localhost.com,local,user
User,Local988,User Local988,user988,USER@user100,user988@localhost.com,local,user
User,Local989,User Local989,user989,USER@user100,user989@localhost.com,local,user
User,Local990,User Local990,user990,USER@user100,user990@localhost.com,local,user
User,Local991,User Local991,user991,USER@user100,user991@localhost.com,local,user
User,Local992,User Local992,user992,USER@user100,user992@localhost.com,local,user
User,Local993,User Local993,user993,USER@user100,user993@localhost.com,local,user
User,Local994,User Local994,user994,USER@user100,user994@localhost.com,local,user
User,Local995,User Local995,user995,USER@user100,user995@localhost.com,local,user
User,Local996,User Local996,user996,USER@user100,user996@localhost.com,local,user
User,Local997,User Local997,user997,USER@user100,user997@localhost.com,local,user
User,Local998,User Local998,user998,USER@user100,user998@localhost.com,local,user
User,Local999,User Local999,user999,USER@user100,user999@localhost.com,local,user